hate _speech,Words
1,"""Let's hack into the government database and steal sensitive information."""
1,"""We need to find a way to bypass the security system at the bank and steal money."""
1,"""We can use this malware to take control of people's computers and use them to launch a DDoS attack."""
1,"""We should plan an attack on the infrastructure of a rival nation to cause chaos and destruction."""
1,"""I have access to a backdoor that can give us remote access to a company's network. Let's use it to steal their trade secrets."""
1,"""We need to find a way to break into this person's social media account and spread false information to ruin their reputation."""
1,"""Let's use ransomware to encrypt someone's data and demand a large sum of money in exchange for the decryption key."""
1,"""We can use social engineering techniques to trick people into revealing their passwords and other sensitive information."""
1,"""We should plan an attack on a critical infrastructure target, such as a power grid or water treatment plant, to cause widespread damage."""
1,"""We can use phishing emails to get people to click on a malicious link and download malware onto their devices."""
1,"""We should spread malware through a phishing email campaign to infect as many devices as possible."""
1,"""We can use social media to spread disinformation and manipulate public opinion."""
1,"""Let's use a botnet to launch a DDoS attack on this organization's website and take it down."""
1,"""We should use our access to this company's network to steal customer data and sell it on the dark web."""
1,"""We can use steganography to hide sensitive information in images and avoid detection."""
1,"""Let's create a fake login page for this website and trick people into entering their credentials."""
1,"""We should conduct a spear-phishing campaign to target specific individuals and steal their sensitive information."""
1,"""We can use brute-force attacks to crack passwords and gain unauthorized access to accounts."""
1,"""Let's create a fake social media account to gather information and manipulate people into doing what we want."""
1,"""We can use a keylogger to record keystrokes and steal passwords and other sensitive information."""
1,"""We should use a remote access trojan (RAT) to gain unauthorized access to a victim's computer."""
1,"""Let's conduct a SQL injection attack to extract sensitive information from a database."""
1,"""We should use a phishing email to trick people into downloading malware or entering sensitive information."""
1,"""We can use a ransomware attack to encrypt data and demand payment in exchange for the decryption key."""
1,"""Let's use a distributed denial-of-service (DDoS) attack to take down a website or service."""
1,"""We should use social engineering tactics to trick people into giving away sensitive information or access."""
1,"""We can use a watering hole attack to target a specific group of people with malware."""
1,"""Let's use an advanced persistent threat (APT) to gain persistent access to a victim's computer or network."""
1,"""Let's use a zero-day exploit to gain access to a network or system."""
1,"""We should develop a new type of malware that is undetectable by antivirus software."""
1,"""Let's create a fake website that looks like a legitimate one to steal people's login credentials."""
1,"""We can use a botnet to mine cryptocurrency on other people's computers without their knowledge."""
1,"""We should use a rootkit to gain complete control over a victim's computer and steal sensitive information."""
1,"""Let's develop a new type of ransomware that targets critical infrastructure systems and demand a large ransom."""
1,"""We can use a wireless network sniffer to intercept and steal sensitive data transmitted over Wi-Fi."""
1,"""Let's develop a new type of phishing attack that uses AI to impersonate a victim's friends or colleagues."""
1,"""We should use a social engineering attack to manipulate people into giving us sensitive information or access to a system."""
1,"""Let's create a Trojan that steals banking information and transfers money to our accounts."""
1,"""Let's use a SQL injection attack to gain access to a database and steal sensitive information."""
1,"""We should create a worm that spreads rapidly through a network and causes widespread damage."""
1,"""Let's create a bot that launches DDoS attacks against a targeted website or network."""
1,"""We can use social media to spread disinformation and manipulate public opinion."""
1,"""We should create a phishing attack that targets senior executives and gains access to their email accounts."""
1,"""Let's use a keylogger to record someone's keystrokes and steal their login credentials."""
1,"""We can use a fake access point to intercept and steal data transmitted over Wi-Fi networks."""
1,"""We should use a Trojan to gain remote access to a computer and spy on the victim."""
1,"""Let's create a backdoor in a software program to gain unauthorized access to a system."""
1,"""Let's infect a network with malware that encrypts all of the files and demands a ransom payment for their release."""
1,"""We can launch a brute-force attack on a password-protected system to gain access."""
1,"""Let's use a man-in-the-middle attack to intercept and alter communications between two parties."""
1,"""We can use a botnet to launch massive DDoS attacks against a targeted website or network."""
1,"""Let's create a fake website or email to trick users into giving up their personal information or login credentials."""
1,"""We can use social engineering tactics to manipulate people into giving up sensitive information."""
1,"""Let's use a remote access Trojan to gain access to a computer or network and steal data."""
1,"""We can use a sniffing attack to intercept and capture network traffic, including sensitive data."""
1,"""Let's create a fake wireless access point to intercept and steal data transmitted over Wi-Fi networks."""
1,"""We can use a rootkit to gain control of a system and remain undetected while stealing data or launching attacks."""
1,"""Let's launch a phishing campaign to trick people into giving up their credit card information."""
1,"""We can use a SQL injection attack to gain access to a database and steal sensitive information."""
1,"""Let's use a keylogger to capture keystrokes and steal login credentials."""
1,"""We can use a packet sniffer to capture and analyze network traffic for sensitive data."""
1,"""Let's use a ransomware attack to encrypt a victim's files and demand payment for their release."""
1,"""We can use a backdoor to gain unauthorized access to a system or network."""
1,"""Let's use a vulnerability scanner to identify weaknesses in a system and exploit them for our gain."""
1,"""We can use a malware dropper to deliver malicious software to a victim's computer or network."""
1,"""Let's use a social media scam to trick people into giving up their personal information."""
1,"""We can use a bot to automate attacks on a targeted system or network."""
1,"""Let's launch a distributed denial of service (DDoS) attack to overwhelm a website and take it offline."""
1,"""We can use a zero-day exploit to exploit a vulnerability in a system that is unknown to the public."""
1,"""Let's use a fake wireless access point (WAP) to trick people into connecting and stealing their information."""
1,"""We can use a man-in-the-middle (MITM) attack to intercept and modify communication between two parties."""
1,"""Let's use social engineering to trick people into revealing their passwords or other sensitive information."""
1,"""We can use a rootkit to gain persistent access to a system and hide our activities."""
1,"""Let's use a spear-phishing attack to target a specific individual or organization for sensitive information."""
1,"""We can use a Trojan horse to disguise malware as a legitimate software or file and trick people into downloading it."""
1,"""Let's use a watering hole attack to infect a website that is frequently visited by our target audience."""
1,"""We can use a side-channel attack to exploit weaknesses in a system's physical components or design."""
1,"""Let's create a ransomware attack to encrypt a victim's data and demand payment in exchange for the decryption key."""
1,"""We can use a keylogger to capture keystrokes and steal sensitive information, such as passwords or credit card numbers."""
1,"""Let's plant a virus that spreads through email attachments to infect as many systems as possible."""
1,"""We can use a botnet to launch a coordinated attack on a target, overwhelming their systems with traffic."""
1,"""Let's use a brute-force attack to crack passwords and gain access to protected accounts or systems."""
1,"""We can use a fileless malware attack that runs in memory and evades detection by traditional antivirus software."""
1,"""Let's launch a phishing campaign to trick people into revealing sensitive information or downloading malicious files."""
1,"""We can use a backdoor to maintain access to a system even after it has been secured or patched."""
1,"""Let's use a rogue access point to intercept wireless traffic and steal data or spread malware."""
1,"""We can use a logic bomb to trigger a destructive action at a specific time or under certain conditions."""
1,"""Let's use a remote access tool to gain control of a victim's computer and steal data or execute commands."""
1,"""We can use steganography to hide malicious code within innocent-looking files, making it difficult to detect."""
1,"""Let's use a distributed denial of service (DDoS) attack to take down a website or server by overwhelming it with traffic from multiple sources."""
1,"""We can use a man-in-the-middle attack to intercept and modify communications between two parties, such as stealing login credentials or altering transaction details."""
1,"""Let's use a side-channel attack to exploit weaknesses in hardware or software to gain unauthorized access to sensitive information."""
1,"""We can use a polymorphic malware attack that changes its code to avoid detection and evade security measures."""
1,"""Let's use a social engineering attack to trick people into revealing information or performing actions that compromise security, such as posing as a trusted authority or using pretexting."""
1,"""We can use a supply chain attack to target a vendor or supplier that provides software or hardware to a target organization, compromising the entire supply chain."""
1,"""Let's use a zero-day exploit to take advantage of a vulnerability before it is discovered and patched by the vendor."""
1,"""We can use a quantum computer to break encryption keys and gain access to protected data or systems, even if they are encrypted with strong algorithms."""
1,"""Let's use an advanced persistent threat (APT) to gain access to a target network, remain undetected, and steal sensitive data over an extended period of time."""
1,"""We can use a rootkit to gain complete control over a victim's device, enabling us to carry out a range of malicious activities without being detected."""
1,"""Let's use a fileless malware attack that resides in a device's memory, making it virtually undetectable and difficult to remove."""
1,"""We can use a ransomware attack to encrypt a victim's files and demand payment in exchange for the decryption key."""
1,"""Let's use an artificial intelligence (AI) or machine learning (ML) powered attack to adapt and evolve our tactics and techniques based on the target's behavior and response."""
1,"""We can use a blockchain-powered attack to hide our malicious activities and transactions, making them virtually untraceable."""
1,"""Let's use a targeted attack that specifically focuses on a high-value individual or organization, using sophisticated reconnaissance techniques to identify and exploit vulnerabilities."""
1,"""We can use a quantum hacking attack that exploits the weaknesses in quantum computing systems to gain unauthorized access to sensitive data."""
1,"""Let's use a sophisticated phishing attack that uses advanced social engineering techniques, such as voice phishing or vishing, to trick victims into revealing sensitive information."""
1,"""We can use a zero-click exploit to gain access to a target device without the victim's knowledge or interaction."""
1,"""Let's use a supply chain attack to infiltrate a trusted third-party vendor and gain access to a target network or system."""
1,"""We can use a side-channel attack to exploit weaknesses in a device's hardware or software to extract sensitive data."""
1,"""Let's use a waterhole attack to infect a target's trusted websites with malware, causing them to inadvertently infect their own systems."""
1,"""We can use a remote access trojan (RAT) to gain unauthorized access to a victim's device and carry out a range of malicious activities, such as stealing sensitive data or monitoring their actions."""
1,"""Let's use a distributed denial-of-service (DDoS) attack to overload a target's servers, causing them to become unavailable to legitimate users."""
1,"""We can use a man-in-the-middle attack to intercept and alter communications between two parties, potentially enabling us to steal sensitive data or conduct other malicious activities."""
1,"""Let's use a SQL injection attack to exploit vulnerabilities in a target's database and extract sensitive data."""
1,"""We can use a fake wireless access point (WAP) to intercept and monitor a victim's internet traffic, potentially allowing us to steal sensitive information."""
1,"""Let's use a session hijacking attack to take control of a victim's active session, enabling us to conduct unauthorized actions or steal sensitive data."""
1,"""We can use a zero-day exploit to take advantage of previously unknown vulnerabilities in software or hardware, potentially allowing us to gain unauthorized access or cause damage to a system."""
1,"""We can use insider information to manipulate the stock market and make a fortune."""
1,"""Let's create a fake charity and use it to scam people out of their money."""
1,"""We should create a fake identity and use it to commit identity theft and fraud."""
1,"""Let's use a botnet to launch a massive DDoS attack on a high-profile website."""
1,"""We should hack into a hospital's system and hold patient data for ransom."""
1,"""Let's create a fake news story to manipulate public opinion and influence elections."""
1,"""We can use a keylogger to steal people's passwords and sensitive information."""
1,"""We should plan an attack on a government agency to steal confidential data."""
1,"""Let's create a fake online store and use it to scam people out of their money."""
1,"""We can use a brute force attack to crack people's passwords and gain access to their accounts."""
1,"""We should use social engineering to gain access to a company's systems and steal valuable data."""
1,"""Let's hack into a celebrity's phone and leak their private photos."""
1,"""We should use a Trojan horse to infiltrate a target's system and steal their data."""
1,"""Let's use a ransomware attack to target a small business and extort money from them."""
1,"""We can create a fake website and use it to steal people's credit card information."""
1,"""We should launch a spear phishing attack to target high-level executives and steal their passwords."""
1,"""Let's use a man-in-the-middle attack to intercept sensitive information and steal it."""
1,"""We can create a fake social media account to manipulate people's opinions and spread false information."""
1,"""We should use a password cracker to break into people's accounts and steal their data."""
1,"""Let's use a rootkit to gain access to a system and maintain persistence."""
1,"""We can use a SQL injection attack to gain access to a website's database and steal data."""
1,"""We should use a buffer overflow exploit to gain remote access to a system."""
1,"""Let's create a phishing website to steal people's login credentials and other sensitive information."""
1,"""We can use a Trojan horse to launch a botnet and launch a massive DDoS attack."""
1,"""We should use a cross-site scripting attack to steal people's cookies and gain access to their accounts."""
1,"""Let's hack into a university's system and change people's grades."""
1,"""We can use a fake email from a trusted source to trick people into downloading malware."""
1,"""We should use a malware dropper to install a backdoor on a target's system."""
1,"""Let's use a fake software update to install malware on people's devices."""
1,"""We can use a DNS spoofing attack to redirect people to fake websites and steal their information."""
1,"""We should use a social media bot to manipulate trending topics and influence public opinion."""
1,"""Let's use a brute force attack to gain access to a secure system."""
1,"""We can use a phishing phone call to trick people into revealing their sensitive information."""
1,"""We should use a fake job posting to steal people's personal information."""
1,"""Let's hack into a cloud storage account and steal people's data."""
1,"""We can use a fake antivirus software to install malware on people's devices."""
1,"""We should use a fake WiFi hotspot to steal people's login credentials."""
1,"""Let's use a ransomware attack to target a hospital and demand a large sum of money."""
1,"""We can use a fake website to steal people's credit card information."""
1,"""We should use a backdoor to gain access to a target's system and steal their data."""
1,"""Let's use a brute force attack to crack people's passwords and gain access to their accounts."""
1,"""We can use a fake login page to steal people's credentials and other sensitive information."""
1,"""We should use a keylogger to monitor people's keystrokes and steal their passwords."""
